{"lastDeploymentHandler":"com.amazonaws.lambda.demo.SubmitFeedbackHandler","lastInvokeHandler":null,"handlerMetadata":{"com.amazonaws.lambda.demo.SignInChoiceHandler":{"deployment":{"regionId":"us-east-2","awsLambdaFunctionName":"SignInChoice","awsIamRoleName":"developer","awsS3BucketName":"calculatorexampleem","memory":0,"timeout":0},"invoke":null},"com.amazonaws.lambda.demo.CreateChoiceHandler":{"deployment":{"regionId":"us-east-2","awsLambdaFunctionName":"CreateChoice","awsIamRoleName":"developer","awsS3BucketName":"calculatorjg","memory":0,"timeout":0},"invoke":null},"com.amazonaws.lambda.demo.ShowAllChoicesHandler":{"deployment":{"regionId":"us-east-2","awsLambdaFunctionName":"ShowAllChoices","awsIamRoleName":"developer","awsS3BucketName":"calculatorexamplelauren","memory":0,"timeout":0},"invoke":null},"com.amazonaws.lambda.demo.RefreshChoiceHandler":{"deployment":{"regionId":"us-east-2","awsLambdaFunctionName":"RefreshChoice","awsIamRoleName":"developer","awsS3BucketName":"calculatorexampleem","memory":0,"timeout":0},"invoke":null},"com.amazonaws.lambda.demo.AlterVoteHandler":{"deployment":{"regionId":"us-east-2","awsLambdaFunctionName":"AlterVote","awsIamRoleName":"developer","awsS3BucketName":"calculatorexampleem","memory":0,"timeout":0},"invoke":null},"com.amazonaws.lambda.demo.SubmitFeedbackHandler":{"deployment":{"regionId":"us-east-2","awsLambdaFunctionName":"SubmitFeedback","awsIamRoleName":"developer","awsS3BucketName":"cs3733groupproject2020","memory":0,"timeout":0},"invoke":null},"com.amazonaws.lambda.demo.ChooseAlternativeHandler":{"deployment":{"regionId":"us-east-2","awsLambdaFunctionName":"ChooseAlternative","awsIamRoleName":"developer","awsS3BucketName":"calculatorexamplelauren","memory":0,"timeout":0},"invoke":null},"com.amazonaws.lambda.demo.DeleteChoiceHandler":{"deployment":{"regionId":"us-east-2","awsLambdaFunctionName":"DeleteChoice","awsIamRoleName":"developer","awsS3BucketName":"cs3733groupproject2020","memory":0,"timeout":0},"invoke":null}},"lastInvokedHandlerDeployed":false}